Unnamed: 0,name
23426,t3_16mbkma
41284,t3_105q0su
40346,t3_17rpowa
36831,t3_132p1v7
23366,t3_16apckj
36663,t3_16r1dnq
43989,t3_lvb4px
25344,t3_vvpgqi
25853,t3_vr18h4
37320,t3_w1tcjc
14679,t3_wc0y8u
38630,t3_17wnzx9
29964,t3_17zwa49
32325,t3_wpbu87
1587,t3_ikz8mf
210,t3_i8d5c8
5969,t3_vs7st4
10784,t3_vzleb8
27097,t3_15l6oeq
48448,t3_inkxot
43460,t3_111i37l
41131,t3_186lqhd
31375,t3_imogh0
24411,t3_167vo07
36955,t3_1848095
49283,t3_kpwwfa
32205,t3_hqi37n
30717,t3_163ig48
15389,t3_wp19q5
36623,t3_vxw6oa
2755,t3_gdtg6u
42461,t3_goug1d
44642,t3_z7fjdb
46516,t3_s7e9e8
20573,t3_zbam2v
16799,t3_rq4cnv
24846,t3_18n9mv0
13713,t3_pdqxq3
17166,t3_nxs96n
5424,t3_17766ty
13647,t3_tadryg
17442,t3_17037v5
4072,t3_18l1gxv
43906,t3_14sdmxz
7553,t3_gmmlv7
27320,t3_15craec
47545,t3_176i0eh
13992,t3_13qr4fs
23496,t3_17iwp4q
1430,t3_p915vo
42415,t3_nhyqz6
29112,t3_vn26pl
31618,t3_lu0219
20101,t3_i911pc
47120,t3_gotiga
33373,t3_14zrnr1
36896,t3_1840ptf
11331,t3_17qt5g7
44600,t3_hel6o2
8386,t3_vfrf5i
38376,t3_wnzjvy
746,t3_13itl99
37882,t3_18shpjj
1887,t3_gsiicm
21249,t3_zpg684
13390,t3_lsos5f
44422,t3_wpzcc7
5554,t3_12hvljh
44756,t3_156s41t
25763,t3_winefh
21967,t3_16c8jpg
43952,t3_ir76l5
30592,t3_gn5h9u
45815,t3_12yyumy
40517,t3_14pteyn
23568,t3_155zlx5
6420,t3_ieqtev
918,t3_pufhyx
37742,t3_qzymvr
13811,t3_w2gt8x
16091,t3_p9rogv
15960,t3_w2en3h
31148,t3_ra3wav
40361,t3_15c4v01
15040,t3_175gz08
41241,t3_16eahew
27303,t3_oj9zbs
9641,t3_16m1oha
9545,t3_pnq91b
10501,t3_11qdrax
33455,t3_uvftmw
16732,t3_v4yfem
49770,t3_zl5057
2528,t3_m3prac
9464,t3_gtiry1
45899,t3_s8xct3
26180,t3_18p6mwv
23233,t3_17yz3eu
20215,t3_15py6gs
1105,t3_1614d5p
12448,t3_15bi1ps
40653,t3_sojrl6
22654,t3_j8i6cl
48981,t3_w2ritr
35572,t3_17h6mrq
11433,t3_p0ewra
34451,t3_3i15d8
10453,t3_l9mpr9
5076,t3_gpt9na
25466,t3_159cqe7
41731,t3_14qes6d
34064,t3_zasrbh
12667,t3_10f88bq
7293,t3_l9sfy3
29028,t3_v5fe5n
35133,t3_kde33z
26348,t3_tgjuk2
12978,t3_zrupdt
19008,t3_kdfnz9
30688,t3_mg0hg4
31594,t3_17lin3a
46407,t3_13fbcq7
26183,t3_16j0t4h
26177,t3_tg6rhn
47575,t3_jvqll3
1131,t3_p6fzvk
10842,t3_14nfepy
40753,t3_10oti1c
28037,t3_uvlz3c
723,t3_um3x24
22194,t3_v3aw27
31708,t3_i4g2mk
1354,t3_vb3c7m
29071,t3_n3kyqs
42793,t3_17rewy9
21863,t3_uojxi6
23959,t3_j2sazo
39902,t3_ybsmjf
28576,t3_wdhrop
46221,t3_rdozeq
4691,t3_17ogfdx
7357,t3_10uoox3
47227,t3_xc41s1
38095,t3_i97wwn
16737,t3_16xslmg
1084,t3_16brfwq
22620,t3_11w9v1k
28689,t3_ib74na
665,t3_igedhc
9719,t3_i5lpqm
46570,t3_k6a7ps
41980,t3_18gkmbn
14766,t3_ifil2f
18249,t3_wazrco
7458,t3_151aoys
19134,t3_15l0f50
21901,t3_gpzkfg
21864,t3_17jdr8j
31870,t3_rnoanx
43781,t3_kcrtfi
38601,t3_18he1r1
35982,t3_18naqc8
34854,t3_10j7vqv
2858,t3_10yq6s4
31158,t3_178qbcy
16180,t3_16syyvn
31381,t3_syvp07
26916,t3_146vuo6
19637,t3_1767eai
41238,t3_gseiel
11553,t3_17xq0ps
33170,t3_16i4ame
38594,t3_za1hsm
3666,t3_q5uovm
23071,t3_v8bxi9
23059,t3_187fwnq
32428,t3_11stf6m
22435,t3_10gn8yq
48960,t3_h7cy0i
21332,t3_wwpavu
38649,t3_113dj4f
48247,t3_14p6mcg
26026,t3_jsezk5
13125,t3_pdaril
5521,t3_w4diz6
25854,t3_vcrm9o
17436,t3_18e9kql
35151,t3_15naxqu
8877,t3_180iwol
39971,t3_gt3cki
12445,t3_11njrh5
8057,t3_py3shk
7992,t3_sn5cor
43493,t3_12hw0tb
43469,t3_uu3qd3
30921,t3_z15chr
37471,t3_geaqwi
256,t3_159squt
24679,t3_im1zv7
31519,t3_oqc15q
1577,t3_i798ad
36183,t3_ucz5b6
3282,t3_gej54x
48576,t3_rc1pj7
38164,t3_j8gad3
34222,t3_hnqpqw
24727,t3_unyztq
9008,t3_wumkp9
31678,t3_pn3smg
24923,t3_rdb2si
39690,t3_lilals
17887,t3_rrb8w1
6958,t3_17orftn
12397,t3_gmuvtx
46476,t3_wv3isr
6383,t3_hr8uf0
4824,t3_mnwfil
34401,t3_xazyhc
22178,t3_13xyzki
16696,t3_12v86eg
38876,t3_15e3agi
49747,t3_klzeis
5044,t3_t8h7k8
8334,t3_10y6brp
42794,t3_165wsjh
42032,t3_lzbtwz
24564,t3_o9w4rj
44264,t3_154616m
7425,t3_hdzfkq
35598,t3_io4wat
12769,t3_uyvv71
23082,t3_y4iwsa
40658,t3_u311yx
22488,t3_vgljn0
20928,t3_z9zt79
31025,t3_114f2wq
9771,t3_1671oae
34729,t3_172vw6i
476,t3_16a2b4r
41592,t3_yj7swt
42858,t3_lnyt96
11052,t3_14qouhb
10916,t3_vo8qcl
36384,t3_ggn5vx
2304,t3_170mxgr
22682,t3_14wyqmy
3208,t3_xodbt8
14772,t3_11eh77i
14554,t3_17lm2pm
24687,t3_14qlf52
31065,t3_14sdvyr
31145,t3_irhc2i
31100,t3_ydubmj
16550,t3_rg4ufh
42910,t3_lgy4ws
19073,t3_lzvkog
5226,t3_14z9rat
20584,t3_14ozwqy
41337,t3_1639hkt
49470,t3_tbqvdo
15,t3_mph3s2
25497,t3_m7qubt
10187,t3_11u9hf5
48928,t3_1739k1z
15204,t3_17sd4l6
32203,t3_16xo8y0
816,t3_gf5mg8
18226,t3_154bm9t
36428,t3_168k5yw
33352,t3_16rmyfq
24025,t3_13fwr7f
25982,t3_170ycux
15838,t3_ifgdw1
29210,t3_hgq8dj
3947,t3_gcneyx
47960,t3_vns53h
37097,t3_158x2wk
31323,t3_snzf6t
3693,t3_gc4b6l
38189,t3_17t9zdc
24517,t3_12boi7o
6246,t3_18tbmdv
41410,t3_15lbgu6
40893,t3_w4ku6z
22754,t3_u7wmhn
14883,t3_jip6w2
1387,t3_15nye0s
42887,t3_15ac71k
14197,t3_it0sy3
25031,t3_t16yxz
389,t3_ocf7tm
40073,t3_i34lsf
40782,t3_vpjwk2
17105,t3_h0ctgr
43455,t3_u1eyam
13540,t3_yfml27
11541,t3_15cq3rj
12294,t3_irobmy
2764,t3_p5lqvw
20799,t3_sq6an2
39556,t3_17hi6jy
41156,t3_14xq46z
36401,t3_182hnpo
3839,t3_w0wnhd
1935,t3_1583wvu
28581,t3_vipst7
25096,t3_1097fl8
4009,t3_184m9mx
8023,t3_106z3rz
2709,t3_jrn9cm
41638,t3_s903iq
9348,t3_sdpb78
34569,t3_13ycik4
48130,t3_uzt60h
26298,t3_i004rk
5920,t3_u95k4b
10846,t3_iubw4s
14310,t3_14qjnn1
25493,t3_172xzi0
38471,t3_v454lc
48325,t3_vk3mwa
38310,t3_l7z243
37245,t3_17pir87
15784,t3_14tnjcr
22521,t3_wckia2
23204,t3_zsfm4c
46822,t3_jmjuma
13027,t3_16dbetg
12157,t3_tbun3o
37788,t3_14odpfm
11275,t3_176n3nr
4200,t3_hdgr1t
20786,t3_tty405
35245,t3_hpndrh
5068,t3_yf708i
4711,t3_x5fb8y
44928,t3_hb6fee
18676,t3_17ty7og
39852,t3_11u43c0
36566,t3_180ft70
5646,t3_14jtust
15895,t3_xnq5l5
30124,t3_o5wfmj
31698,t3_14yq41f
8531,t3_14scess
13326,t3_z751ed
30369,t3_i8x7h8
27268,t3_17lfs7m
25935,t3_q9ruui
13605,t3_158ydnv
47077,t3_h7sgkg
7345,t3_18s1rvx
21138,t3_18061q8
47909,t3_15xr3it
16757,t3_15rdnvs
44570,t3_nevik5
7975,t3_wit703
35423,t3_101i7mb
22632,t3_vw2hvr
46467,t3_hcuexj
27706,t3_thmrng
32630,t3_jz2hbs
20601,t3_11pqemr
45486,t3_14rkx4m
36563,t3_15gros1
34309,t3_18o7zlm
533,t3_143n4ke
17163,t3_ycbmsy
24010,t3_j5zlvy
2299,t3_iwevhq
46115,t3_gbs0fl
39702,t3_107ifsl
22353,t3_vrghvz
40566,t3_14yu5tz
19591,t3_q58tgb
31884,t3_155dwr7
24661,t3_t8izaw
37498,t3_17s8t03
2352,t3_164taip
49814,t3_16myhn1
28651,t3_vhiszg
38099,t3_mkumsm
20446,t3_hyu8oc
28255,t3_16eevtl
1842,t3_185nbf6
10862,t3_15qqrjx
15126,t3_15wr7v5
42822,t3_12sit8w
38269,t3_szkwn1
27644,t3_vog6x0
8919,t3_hk533j
32100,t3_xrf317
27259,t3_yioyqw
38406,t3_15di1wx
37518,t3_13mzkdk
34115,t3_x9v4rx
38087,t3_14qm05w
22264,t3_sm6lb9
34615,t3_twgyzc
40319,t3_xfkwbi
23745,t3_183dofz
10867,t3_14vfmvo
24301,t3_qzqfvp
13173,t3_158xzmt
48296,t3_163yyy3
27058,t3_14w6slo
13098,t3_14zffig
41178,t3_hway9y
20980,t3_pgmkgo
35874,t3_uquwu2
16207,t3_15ouw7y
34138,t3_htwf7c
42835,t3_syc677
24234,t3_gw5zfc
34276,t3_x7vtfx
48708,t3_13z27gz
32271,t3_us9xne
38464,t3_teawm0
22108,t3_17yp18l
46087,t3_mgpzrw
7923,t3_o76762
39885,t3_uwnynp
11759,t3_k17iyl
16751,t3_16agzga
13748,t3_pvg8mp
9914,t3_uxmbxs
24829,t3_lx08oz
47142,t3_14qx4uz
19234,t3_u8t1sk
15811,t3_15465fc
33506,t3_pkdqhl
1022,t3_17nx1kv
1776,t3_gzjyhy
42967,t3_jrlnmi
48364,t3_gor1jb
30383,t3_16owx2g
25548,t3_udoqll
33068,t3_16gvnhi
37933,t3_10gft1b
22788,t3_i2l4nu
43636,t3_18swr6o
27976,t3_15bjrai
25215,t3_w3ybc2
3635,t3_ujcdrj
46140,t3_11q5r7f
46380,t3_kjm3rw
39992,t3_13ksgde
40244,t3_17la375
2223,t3_16vqsfg
6604,t3_14zs37f
29824,t3_17bx3c4
41149,t3_154qnba
13225,t3_udaw58
26491,t3_14af0aj
41115,t3_17n4f82
25069,t3_lzxsmt
9062,t3_jby0h9
2688,t3_v7csoq
3631,t3_iecsdq
13333,t3_10zxqa2
11989,t3_gt00gd
12900,t3_i7trvp
8851,t3_wkv5i3
31833,t3_i4pxb6
45701,t3_185zm29
5439,t3_yl07cc
26200,t3_179od7d
39743,t3_17y6bft
2026,t3_sms4ra
27110,t3_jlblug
36793,t3_mcunhj
22401,t3_i2vq9k
16759,t3_grhjmv
18148,t3_ylsln4
25844,t3_jqu4l1
46972,t3_njisgi
12142,t3_158wc4o
45385,t3_14mrjai
37487,t3_15xnmg3
13434,t3_qks754
30821,t3_wsjkl2
20619,t3_1003nh2
44838,t3_189v1pb
9221,t3_165let6
36778,t3_1896gpi
19142,t3_10t3bar
39421,t3_i69ur8
36395,t3_qtjz10
16330,t3_15m0m9f
1063,t3_18k6os5
10880,t3_127stal
8890,t3_ij5qk1
36382,t3_10eba57
17130,t3_14nffaj
37166,t3_ts10fc
26066,t3_16sdn9s
46212,t3_17cdh73
22705,t3_njqai2
30640,t3_17xtlhl
47766,t3_z0mus4
9889,t3_17jgscq
20496,t3_16fv0c2
35667,t3_s8rjn4
27152,t3_16ykh4w
36202,t3_15r2ew2
41331,t3_huc3vm
46244,t3_1824vcy
12482,t3_ugrx9u
35397,t3_17ivwnw
43803,t3_16meywe
29810,t3_15ek8yb
1881,t3_16txk7p
47881,t3_16g1thj
28040,t3_13q3awv
26299,t3_17py1bj
26662,t3_zgjmz6
47595,t3_l2z0oe
9048,t3_15qfev9
37895,t3_15ejk54
42151,t3_vh30sd
23007,t3_16okd8q
36304,t3_hijt8q
2226,t3_1661t1a
12974,t3_r4x9f2
945,t3_x12fm6
14786,t3_ged0p6
10720,t3_14rsa9h
49936,t3_177267k
48203,t3_v567tt
15641,t3_ugwatq
30259,t3_s41oak
20859,t3_16y0y92
44523,t3_152iczi
42634,t3_wqxlaf
39678,t3_w4v4xn
32054,t3_15zytjh
20860,t3_159pypd
29859,t3_hndj38
28056,t3_xmqus6
5167,t3_sdesj4
29860,t3_rbhn33
8038,t3_10hqo9g
44772,t3_161cwtw
438,t3_gfjjl3
23003,t3_gtsu4b
11933,t3_17mlrbu
46277,t3_182wrrk
31846,t3_15xvf4r
39393,t3_159xwzm
17028,t3_h095rn
17104,t3_15cix7g
1353,t3_14ir506
27505,t3_17qdjq5
28623,t3_17b5ek8
14250,t3_189cs1m
49567,t3_mrcz2k
32335,t3_p8had1
19813,t3_uldw2c
48593,t3_15sf4a2
3624,t3_qy0icx
7860,t3_13d3bv2
8426,t3_172ovta
27950,t3_15ffv3w
46337,t3_xw059x
32359,t3_175xt2g
8043,t3_my54au
25601,t3_ybdqg8
11835,t3_189sz86
30053,t3_13xq3ec
47053,t3_venru5
14853,t3_lk2vui
1508,t3_s4sjk7
45599,t3_vw41uk
10672,t3_10qpd1a
15619,t3_16wig1w
18615,t3_xwdssj
24571,t3_14n1m21
5139,t3_14hodew
45380,t3_r9zkpt
18578,t3_ycow6z
48763,t3_11bbykh
22387,t3_uh8dh7
28801,t3_vgckic
42410,t3_vetb5s
37028,t3_15hnrji
18168,t3_occhl7
46871,t3_145pdor
24914,t3_17e922n
30041,t3_1540krr
34967,t3_rcdhyy
2266,t3_j2phf7
30110,t3_15so0ub
49320,t3_16rk9cm
12026,t3_wsju5c
49636,t3_gdj6zg
699,t3_jeqenc
28460,t3_on63pk
40656,t3_x68mvk
28967,t3_14yjzul
46754,t3_gpkvoz
26901,t3_15l99vq
3084,t3_100tccj
27138,t3_107g9jf
29833,t3_172qudb
3462,t3_vlg2lx
40804,t3_u1rhw7
2354,t3_18ccymz
14558,t3_i47vr1
32004,t3_ttrryt
37294,t3_16qvzf9
34909,t3_uu6ys8
38892,t3_hb1qsa
19926,t3_vqprlu
31317,t3_156g5g1
19779,t3_tie1iz
18976,t3_t8ecwv
36608,t3_or6r3t
30296,t3_hbu27t
32739,t3_oe964o
1219,t3_uby4xm
45826,t3_14yjigm
35497,t3_o8kzmi
37156,t3_144fvm6
12449,t3_15p5lpb
7054,t3_178s5f7
48136,t3_u3v9el
44293,t3_tb2sm1
35362,t3_yos4ey
35542,t3_15rg62z
37255,t3_vm927k
8491,t3_hz69dr
32120,t3_15inmyx
24052,t3_szl35f
26500,t3_17hfo9h
16141,t3_15r6s7r
24019,t3_14wq14h
25476,t3_17853pe
30450,t3_xlhyx5
14907,t3_16vx1m0
13839,t3_ldcj78
37188,t3_vdm4dj
22725,t3_16btkq4
13808,t3_15ene77
30379,t3_qyr3mu
24938,t3_162gfp8
23574,t3_xjobut
11830,t3_17cihmo
40603,t3_150246l
37462,t3_15m7rh1
34164,t3_14zc94z
31460,t3_18b83sd
40412,t3_j9gajy
6930,t3_i438uh
48617,t3_14hb5ni
12129,t3_15piqy3
31641,t3_s2kk73
24547,t3_14z8hm6
14762,t3_vxtbt3
26193,t3_14fkq47
43913,t3_17z9omc
48526,t3_189ynsj
15029,t3_if6c5n
38210,t3_kgqd9d
26682,t3_odu3n3
8577,t3_153hucs
6996,t3_m6dtvp
4851,t3_nz2p5r
9804,t3_ywhm9n
39637,t3_11u7m52
25316,t3_r852w0
39352,t3_zbucup
11480,t3_pgzbht
38242,t3_rpsk1q
21678,t3_orlssz
43168,t3_vi97pw
20605,t3_o0qt32
48720,t3_zr416f
20687,t3_1502y3y
27164,t3_15darzp
8048,t3_109orhw
27124,t3_lot8kw
35586,t3_161d2s6
40519,t3_iwqkpe
43084,t3_yn3wfy
38582,t3_18f1kso
6305,t3_tvb2n3
34781,t3_sqhaoi
45945,t3_1693qc1
22860,t3_ggbk2w
3595,t3_18osqvs
10281,t3_18fyu7b
37880,t3_jtuu7q
27131,t3_hotaaf
47175,t3_nuzldl
41459,t3_3z9k8d
40003,t3_jvj3tn
7645,t3_15e4671
48792,t3_16aqc49
21012,t3_17mvjmn
23651,t3_13t7yh7
17143,t3_xjqr13
39399,t3_y3wex4
19987,t3_poy3at
26410,t3_mdz1la
6648,t3_gtuga9
9056,t3_l9y0ni
45142,t3_lzwv22
26263,t3_8lwj11
187,t3_1766ix7
10957,t3_hj8rjf
6310,t3_18k8e7b
45866,t3_vam1be
24647,t3_12r2pgb
39696,t3_10v1n9v
2600,t3_16zjuh8
23166,t3_gjjhia
47648,t3_mhyl3n
12883,t3_tsbwxf
12171,t3_vrm4e7
20846,t3_i94xyw
47143,t3_kf2y39
4115,t3_15xv1cc
22190,t3_wdljdj
11268,t3_15gs1go
34585,t3_q25o1x
24955,t3_ob5l3k
40840,t3_zu0r37
47733,t3_124dl55
42602,t3_j2vsbi
29517,t3_spjw6b
22076,t3_qqlcww
39936,t3_hcek1k
45622,t3_ia4v3t
20705,t3_vzcwsc
33386,t3_mzaw3g
5500,t3_ifl535
22157,t3_zwo7f0
22045,t3_sgpohm
39524,t3_lew3zg
19871,t3_p4cojw
13988,t3_t1c8hw
3557,t3_kgmnpv
48410,t3_14m85e4
44214,t3_iy2q3k
25934,t3_14exxwa
10798,t3_u3uogn
17669,t3_t4e3se
14373,t3_yaidtv
34731,t3_po4zx4
44275,t3_uek9ca
12652,t3_17y7m25
41584,t3_q09rp9
9492,t3_v6lchx
4581,t3_xhpc8c
16472,t3_gm8r9p
15424,t3_kien1q
33908,t3_vsknnp
41315,t3_14o8gjq
1345,t3_r2eaj4
46823,t3_sk3c8j
31963,t3_jhzzax
12408,t3_14rhgx5
16312,t3_junot9
44082,t3_12wyspt
21313,t3_x8gof4
14805,t3_oss863
4969,t3_iljtyv
39828,t3_17phvc4
7274,t3_170w104
7834,t3_1156atg
40583,t3_18c4b1x
35059,t3_x1kbl6
38074,t3_i9t4ev
12565,t3_1662sjc
4524,t3_kl87co
16651,t3_143tlaj
8841,t3_z6jtr8
4442,t3_12w4njs
29862,t3_p4pf22
771,t3_yj66xl
46310,t3_oa5w00
14686,t3_qgddfi
28641,t3_17e9o31
15485,t3_12r9169
3075,t3_q56jot
45975,t3_q5hgpr
47965,t3_wkeiej
38030,t3_11hdmcm
32069,t3_18k5pzz
45682,t3_14umrnf
4999,t3_1602hay
18582,t3_1754gki
45055,t3_zngggy
5537,t3_180q467
25178,t3_zw71jt
10072,t3_gp2oop
47503,t3_iu8oit
34305,t3_14jf9sr
44028,t3_ood7xu
22205,t3_158sonw
44658,t3_sezths
36299,t3_1522lib
34861,t3_15zzjgy
28524,t3_158uem3
21344,t3_j9s4jd
48268,t3_16m4qgw
47380,t3_p7to7z
5257,t3_15w8xut
9617,t3_166idqe
46321,t3_17g6dnz
7381,t3_139uhbx
38202,t3_13y854g
8403,t3_vfgm3c
48951,t3_w75znp
26110,t3_15t9gzb
38715,t3_1634gjt
4274,t3_pi4qt8
38394,t3_16d7yc7
48753,t3_ks7sbg
14071,t3_18nrlyq
8047,t3_r8vguq
21362,t3_upng48
25240,t3_r2vgjd
15804,t3_153cajb
29770,t3_11kg9xa
11410,t3_15mpv8q
32522,t3_14oojut
15746,t3_ocjf5s
16121,t3_17ynlxh
24448,t3_k6aplp
38603,t3_x11ltg
32614,t3_tf2s87
36451,t3_17gmpcd
11984,t3_hg3fkm
18658,t3_pbl0wx
42436,t3_mptusd
37951,t3_ucldd9
43860,t3_z4j7te
39125,t3_10uipyr
29680,t3_18pidue
7466,t3_tn3r9a
22875,t3_10l2hz3
41950,t3_hyrd0m
17888,t3_goyrjx
19807,t3_18d14uq
14864,t3_oj7n37
5070,t3_zwys9k
1486,t3_uu80s5
39798,t3_yy8olf
29715,t3_11b5dzr
5140,t3_14pifh3
9419,t3_mg6m7y
47794,t3_i1b3k3
28395,t3_15qmpgt
16302,t3_h0k4rt
44431,t3_1784law
22865,t3_38ej7o
33992,t3_i9mfyw
30132,t3_r8k5rz
565,t3_hm1r8b
34238,t3_wfmnjf
17344,t3_18pdgy2
23602,t3_i53jko
4089,t3_gnezq6
19189,t3_16g5uj3
24722,t3_15gof75
28393,t3_15q20gw
32241,t3_qxv165
31916,t3_nuoenb
40182,t3_ph0im5
7069,t3_uyrxnj
35777,t3_io1rpk
20314,t3_16p3yci
3845,t3_ub7h6b
15524,t3_18t2lnm
17879,t3_gl5dan
22044,t3_gbusfo
15990,t3_v6h50i
49358,t3_185ps84
19554,t3_mmgqib
17769,t3_gh3yot
30138,t3_i0xjvd
40844,t3_15jr54y
2508,t3_158vff0
3589,t3_hgd08n
4360,t3_oj5c0s
37730,t3_184nomo
10186,t3_110sa1h
7372,t3_h91cuf
45165,t3_11cqoav
3309,t3_14omroo
18861,t3_11avzan
17444,t3_hsznfv
23960,t3_gim6tb
25989,t3_y1nfzc
45856,t3_17v3re1
13634,t3_11ow17t
23694,t3_wominx
13369,t3_qgicta
30977,t3_y2iaap
22822,t3_oxce70
11217,t3_15b2uxk
46049,t3_u9viqj
24118,t3_k2o6kb
17918,t3_158t6rh
41692,t3_ua2bhz
9975,t3_javkmf
24941,t3_17q7x2j
40271,t3_15h8xbd
34840,t3_16ej8vs
37945,t3_ivgtq5
43313,t3_x8kbho
16545,t3_j9waei
32677,t3_14y6qwv
22834,t3_v5y4dg
13781,t3_17ep8p3
23280,t3_183n1od
12377,t3_ja6t28
30701,t3_snruzq
22958,t3_p4btpp
41935,t3_kqx3r0
24481,t3_159byke
49700,t3_rqaxdf
16747,t3_rcgdxj
37583,t3_w87f35
5824,t3_14yov65
36073,t3_tfw5vw
24791,t3_qm7m8z
36805,t3_143fuvx
4075,t3_18t33u4
42352,t3_vzm28q
15815,t3_3ah9wd
5206,t3_15o0vkb
41608,t3_1199aa9
23326,t3_kx7ihn
31788,t3_10mzjju
25852,t3_x7iwhp
37340,t3_k6ahf0
26179,t3_155zsuk
28011,t3_uhmqcc
28397,t3_161zhed
10173,t3_vkuqv4
48702,t3_14zu6f3
10810,t3_16ywbgj
38746,t3_164dayj
2603,t3_jy14eg
39301,t3_u05819
29640,t3_vjzxwc
1772,t3_xk8k7f
44839,t3_gy4a69
48601,t3_18sl94q
40161,t3_uu9ljh
23343,t3_jfjgp4
19321,t3_q2cm3b
32932,t3_v7awsq
44373,t3_h8x4e5
6928,t3_179booo
40443,t3_wlvd0u
34090,t3_ihwko4
20552,t3_173gn35
31794,t3_ikpsvn
20817,t3_14ouoa2
49227,t3_shjpt6
35510,t3_iymcdb
40126,t3_ulfo5t
16046,t3_o70nfb
47063,t3_14jdqzt
10796,t3_n1mkfy
939,t3_p1d60r
19443,t3_qxbign
618,t3_10qwnlk
23580,t3_gk34s2
49797,t3_12qpme2
19733,t3_heu6gd
49860,t3_14qwfcv
21583,t3_qxndqy
37467,t3_gj5zt2
43361,t3_1585f9u
18061,t3_115y5dv
9302,t3_rczdhd
32533,t3_13o1lcz
12587,t3_10jgx42
18215,t3_14qtdlf
4250,t3_12zybx7
2802,t3_smj9g8
8793,t3_ghdu0d
36559,t3_wbgzrq
23856,t3_xy4krn
19186,t3_ksoevq
36913,t3_v48el1
40785,t3_nuqyyu
48536,t3_164mkzy
8027,t3_18o7mlm
28104,t3_oltvjw
1750,t3_151y2hi
34092,t3_hqmrku
21590,t3_147243d
31175,t3_grtxzh
8569,t3_j7st3z
30915,t3_jjcir7
